Study_Hours_Per_Week,Attendance_Percentage,Previous_Term_Grade,Sleep_Hours_Per_Night,Participates_Extracurricular,Final_Exam_Score
4.370861069626263,87.9264685607898,50.18231108612408,7.114490710817308,1,85.06523469589793
9.556428757689245,81.44385465376482,69.8045521058097,6.875091265778385,0,99.30315368990934
7.587945476302646,72.38110465145311,88.01202097320245,4.153852394838614,0,82.87108886891636
6.387926357773329,92.55180078827794,80.27236875252586,6.047486965756939,0,98.16164636257865
2.4041677639819286,87.38924690215518,84.36086313237973,6.281173712715143,1,69.474762008949
2.403950683025824,66.50467757379565,76.23308516908946,6.392936685381403,1,75.84743604440278
1.5227525095137953,96.4370873797537,78.07521104848189,7.4810342153639935,1,80.29491767836345
8.795585311974417,92.90148971692676,86.70576083609257,7.2016152803612705,1,97.31688214832556
6.41003510568888,97.99199653167696,53.73174048725522,7.647430556760668,1,94.08070330447212
7.372653200164409,89.0287803355344,66.91837300037272,8.58929956925277,1,100.0
1.185260448662222,84.5366078374316,52.16651930007812,8.87791443229656,1,67.43448951511313
9.72918866945795,76.72972145162475,94.32174043981558,8.308738457358967,0,100.0
8.491983767203795,97.30913933416053,91.92326368276373,9.733142175729608,1,100.0
2.9110519961044856,94.64255558001634,42.16847462526783,4.10939549605817,0,69.31909397366995
2.636424704863906,61.808746804247576,78.80663448836287,5.174667914101277,0,74.06741651994645
2.650640588680904,61.05467897989008,90.88865745786163,4.045377249868853,1,68.416609704993
3.7381801866358395,75.05853467512199,49.931643982003344,7.884848284927618,1,73.44650761665355
5.72280788469014,92.4221332312733,71.23698768039462,9.388183293699921,0,78.93330804060481
4.887505167779041,99.49104517259778,90.3518563673423,5.460893779457796,0,91.17622386327527
3.6210622617823773,66.01667564414113,41.867028822218934,9.56220726877784,1,58.361033893688145
6.506676052501415,83.7652286140854,78.3581146985762,4.361604341737365,1,94.5387402923986
2.2554447458683766,75.23563426524086,56.35419540549029,9.606616160833086,0,63.44958585410374
3.629301836816963,98.79657591258413,90.84179074570918,6.1097361234378065,1,93.34226348664599
4.297256589643226,93.68475692542835,93.40820348409522,4.608524970695299,1,89.78493261943929
5.104629857953324,93.53314818844552,91.93465690123887,6.915230555117954,1,97.18360284780445
,78.7477263917988,66.08178191616051,5.540659406323048,0,95.15961572930244
2.7970640394252375,76.5927800935066,87.41234580441224,5.709237411771537,0,73.93193044093107
5.628109945722504,70.93628287722825,86.45021691942887,5.84373978955772,0,84.42374745537938
6.331731119758382,62.25501986603709,57.55052602837906,8.818155386995981,1,72.71247256144694
1.4180537144799796,94.58889505020213,85.59035107828726,7.234967660051527,1,78.09646978968489
6.467903667112945,92.51604036520311,42.03541990935209,5.867846194936022,0,78.29798162231444
2.5347171131856236,99.98870693144522,72.79484331651292,7.662002699865511,0,84.22665824708307
1.5854643368675156,99.86547348295622,52.650486050823666,8.296904045339161,0,72.71616103896791
9.539969835279999,82.2172682241051,46.63117871775033,5.635744004401203,1,85.55861509431179
9.690688297671034,90.75949660722043,44.232426089606506,6.481294609152109,0,85.5762433710815
8.275576133048151,97.79062919529713,78.29588267329768,4.7313165600216855,0,94.350609025299
3.741523922560336,93.98589562709645,58.69312300724364,5.086896097208082,1,70.08019460486808
1.8790490260574548,69.8939240697279,79.86217243408188,8.086707123789896,1,78.00942300563028
7.158097238609412,78.02176541240374,43.59459874394183,5.088630086173762,1,77.35887140733844
4.961372443656412,65.1663766060598,57.340968580683565,7.1509803020023615,0,65.74338630068321
2.0983441136030097,98.1620410903489,69.67202108064355,8.254277570334596,1,81.34647506278247
5.456592191001432,84.2469853780352,83.48977406614299,4.641261538568463,1,80.1823353252404
1.3094966900369656,69.1457122201385,57.53138766126385,7.403873317773421,0,65.43282346960547
,86.86802737623427,74.4240257040355,5.539376702208182,1,100.0
3.3290198344001523,84.72512961831583,88.72877615299029,9.777561251425478,0,70.93259659420036
6.962700559185838,74.32650872131362,73.87247535002675,6.901273880319549,0,87.99710520044047
3.8053996848046987,64.54230368798517,52.812771111449855,8.835955298650948,1,67.49151132521638
5.680612190600297,86.86292782371198,41.34204298560959,7.301359252937571,1,84.50686283282738
5.920392514089517,80.81230803615173,87.85543806455115,4.260475197128915,1,84.0141943688661
2.6636900997297435,90.89273566942558,41.169817596771296,7.798908253564134,1,69.84991704324798
9.726261649881026,80.80654004447973,88.10859199763097,9.708420053239943,1,98.46158975683886
7.976195410250031,94.08726001274161,69.09154237149666,7.609670920877987,1,95.29879595239204
9.455490474077703,82.07627355097942,91.64872341820929,8.915133156560742,0,100.0
9.053446153848839,82.43751886141546,83.9330779675516,9.305238780090447,0,97.16294058659544
6.381099809299767,95.06614410633381,94.88637607933356,5.368478631693595,1,100.0
9.296868115208051,76.13931464849588,59.28914984984406,5.27226903944936,0,85.86698585830675
1.7964325184672756,65.36060913802562,82.19535589121199,7.66588593310595,1,69.62259600062093
2.763845761772307,61.15130705253356,62.106200248508316,6.4661708188402285,0,57.746545442001214
1.4070456001948426,90.20549022694476,66.39315911671498,9.039167817200322,0,63.83654467559199
3.927972976869379,84.8123820541386,74.51280047701036,9.400138740388067,0,71.53150494761567
4.498095607205338,88.16319072396894,88.05224128024864,6.120528275816309,1,91.60792651251326
3.442141285965063,68.51856646035642,94.12459080596123,5.421223353846893,0,79.19354045538424
8.458637582367365,65.45485902347079,82.25503776254851,8.683153091463172,1,83.92856293725542
,60.58178662671528,62.977173019203356,5.648836213288817,0,71.80659058232372
3.5284105871864266,74.02350235226388,63.174635125238865,8.935685911082071,0,69.67052394633974
5.884264748424236,83.59670747418532,80.56702658738902,6.542429521892577,0,90.07860905054841
2.2683180247728636,75.68976180398928,53.13274301725663,8.005299395748823,0,75.8264573630243
8.219772826786357,77.49899688094916,46.0760762222267,4.573211883008009,0,80.39984799696889
1.6709557931179373,96.16634777974994,59.50421867024271,7.743155948059438,1,76.92889403772077
9.881982429404655,73.93021868093201,55.7981445409745,6.710606072423374,1,87.87837422290782
7.9502029236699165,80.55957956639243,56.29694662507946,7.519650779052845,0,77.20406142532664
2.7884411338075514,91.34612050964571,52.848426307745044,5.0080852464691805,0,65.9528937625278
1.0496990541124216,75.8617112928508,42.3151254299999,8.421242469665092,0,59.28398042642445
8.339152856093508,84.88346800911494,40.98306641033776,9.176782465259372,0,78.5182686234706
7.361716094628554,94.4945483498698,94.32473143548174,5.300438800544654,1,99.68603274886715
7.561064512368886,97.98082494630569,63.52752235547243,4.574287333120971,0,87.75824502792811
7.941433120173512,65.88293923716152,61.137965593782496,4.141831516278018,1,73.1172892594159
1.6664018656068134,97.06350500645978,77.38060054811885,7.851829002659596,0,78.66499121261026
4.226191556898454,79.68465172318153,52.00396383257853,7.642564216532684,1,77.9765733137396
2.0428215357261674,70.32977553195833,92.24786511726239,7.28018447628442,0,79.09611873852126
8.767930832880342,78.36543024953045,83.24897579285536,5.391682576695852,0,87.72765959168774
6.609683141448022,99.20130301141909,44.91760512717427,6.345435975433088,1,95.7064959789712
3.9780822236738427,79.70472375971478,62.96694266817106,7.566858011117038,0,77.2088083202869
1.5720251525742128,73.15006441150032,88.35150691591906,6.980601153155016,0,75.30602624971883
3.79884089544096,85.33603417266903,91.96026122602757,9.926713121289325,0,85.77115026644377
,69.60582475112773,65.70708311874284,4.818638515340399,1,70.31078577569768
7.566455605042576,63.03453312434656,73.73762640658893,8.170867324285563,0,89.35008818961519
6.738017242196918,65.15518887642597,49.18686703506414,6.425912608625753,0,76.31414448938037
8.98491468318694,65.1218335583109,94.51427443753371,6.569197689553689,1,94.4291799898109
5.249934326457543,66.07610774049178,52.74194357608938,8.305586593949057,1,76.16137701407622
2.0763482134447155,65.5530869059764,91.8502475774319,8.154616907946217,1,70.8581993431819
7.419203085006955,85.63498979212858,75.73056569458026,9.94753596221313,0,88.78314112280245
7.847065437552077,67.27520337596579,73.42552371833725,4.770365736724751,0,79.8618816140752
6.051494778125466,73.82669133295452,68.19786810590797,4.624657896304998,0,73.83634479968671
7.938704619591049,95.87153639624047,52.68683964447673,8.346032902772446,1,93.61232108084414
5.444160367279517,78.95846561051489,49.70904176030295,7.470321502038455,0,68.41845383340593
5.704595464437946,86.70230954084109,52.126741498859644,5.644963999358835,0,76.2479495569286
4.847869165226946,66.8927948480652,50.254104417934,4.47651621393392,1,64.69972706138822
1.2287721406968566,67.69156075234683,82.87714604617143,4.513949497578583,1,64.50886889385654
1.97102284293974,61.63474465065916,59.256889254170154,9.36514524798471,1,56.72689066462419
1.2828626711806081,66.75740252288658,43.1813472109868,5.151203948312458,1,61.31764949789302
6.727693701374023,71.14361356127834,93.30064465774461,5.940229372693125,1,86.866961275075
3.82920382968694,67.08041937106987,88.60822367298842,5.359938413361928,0,80.16966874741512
5.577136220482325,63.548101350282224,91.02637557573672,6.129977834991624,1,86.71757295102508
9.168098265334837,64.82543484402403,94.71993024555394,4.41654305647656,0,84.11160453549837
3.2436300623398746,78.43115072130902,49.5642387070718,7.114358745449622,0,79.70045737350114
4.693446307320667,68.2533487362317,61.79331103964623,4.405675381553289,1,61.376642725240764
7.799960246887438,74.57079444192301,81.70311616372501,8.802139046934169,1,97.63933813704841
3.059183489424602,80.13669083419427,78.28113399295857,5.402272491462599,1,82.31901788997945
1.6928191884591368,87.61579314517462,48.46427484869203,7.2400714876270635,0,66.24339340112724
3.6077630762239123,61.57248559364396,84.87082187448398,9.28047452536875,1,81.70576699330907
2.4509915852860398,91.9764159563617,52.344231451016334,7.905264214283165,1,75.43233891733439
9.367278871083158,85.11601557963631,52.30996881524427,7.197746719308012,1,96.1933445903875
8.273083416079754,63.270361277954876,69.53359325913775,5.946002518692254,1,86.87417375910782
6.700633808593811,94.94314496427108,72.61169641629368,5.998011478349188,1,93.93515510985443
8.84314531168946,96.83489602127253,71.90474143107961,8.016921731189141,0,100.0
,62.44311839419455,45.03177605687652,9.964836167327006,0,76.07795252201466
2.6791305299743224,71.07510592588815,88.26034744467091,7.971035139096272,0,68.98100422522515
9.0330309864098,92.24805119172245,54.60800234237883,7.346700504220149,1,100.0
5.854080177240856,89.93038761534633,47.12332067055423,8.383903061435475,1,75.577647216834
8.266961396476564,67.38084077425509,88.88114439279374,6.791233673702309,1,100.0
9.06482169931144,68.37397293346841,92.56083240263644,4.360854055604712,0,93.09159241603716
3.8620312747467747,74.81888411165528,87.4170189495998,7.373780895267458,1,79.26798974030689
1.9904673207490908,79.38091940764085,84.52338410986829,9.74575170703228,1,72.98331278885277
3.051416462877475,84.73019086121184,76.0383089351462,5.051817654145958,1,71.33569827267993
4.843970097636307,74.75654558279089,70.29715538350266,8.140029344923995,0,79.03943242726855
8.362132893302437,78.50138864532592,44.78427179512756,5.205602131954339,1,80.11780267875476
8.74657524930709,89.89883752535026,62.46492671888843,7.214966106838488,0,99.75579711482379
1.0625691747807164,61.467328115623914,60.49786843567727,4.580058697880318,1,60.94948582406856
,70.09747777376083,54.28645810681794,6.702225617549111,0,82.45708079979887
4.7566990283390105,88.5339834353821,79.78810625287217,8.536979973371476,0,84.7339547369665
2.9989702942365724,95.80827350748797,67.2731654293324,6.085429145433892,0,79.45504984319409
2.0787883060031453,80.46709768462665,44.457541874920636,7.989470346923309,1,60.103694372714315
4.038536542632651,81.28453941061262,52.11007610723962,8.772699764738375,1,71.61333320066883
9.486187335212673,64.28688045359104,77.57923200127777,9.563066916876716,0,93.01509684943385
3.908826388186797,77.89649467293819,44.18719727196651,5.407852491132721,0,74.84206913420722
5.669115595690295,81.30469065820093,86.81638027268228,6.395895494855849,1,85.18334601447671
7.3271706300566,69.69882014538919,67.2330589857686,4.914496079982505,1,77.38380582786576
4.272666421413646,70.76972923797524,66.43226175296564,9.954901012950252,0,69.8970017171419
9.746038744488645,75.0913665241849,72.58242815627347,9.562005807545772,1,95.19832913376749
9.662025654479,60.802847911109055,85.35745312588321,7.239742781683358,1,91.79870064635143
3.2660406624282774,72.88316662332713,59.129506434620616,9.052199766258529,1,73.40122167494928
5.475236553031469,68.45792027986178,77.29088839074849,7.125747863632253,1,81.48688289133327
3.707904788350927,73.09989408711658,71.1152580197685,7.741514128016558,0,76.56765897740695
3.5635644493972087,64.79048527277004,54.68655485931817,4.5347465926960995,1,63.9515473855862
,95.6210912295958,88.32464924953369,8.531622522980847,1,84.70964516440414
6.486079005819072,83.74369814216195,83.85843118838105,4.766280901811409,0,83.45809607040242
5.524111209059753,87.16409276577959,76.2148509062134,8.95640578151517,0,86.63325918529515
1.463308761249904,91.56684954429353,86.78199510018331,8.692168526022314,1,82.18818404105723
3.507818178129503,79.9376879571623,87.70118105278914,8.252468186457858,1,83.39262051204837
9.174392973699883,63.47681152349695,78.95996371932691,4.216962283148573,1,81.52957568269196
3.1560570160027517,81.48426167274191,86.03573306000196,5.818770135671972,1,90.03929763092076
2.304053848821008,83.47364472083517,78.3609303918106,5.578675419465057,0,77.9230076482787
5.405074842498067,89.81757896737321,77.40774244681651,6.160818444829115,0,87.09377002063272
9.870854086995406,77.26638184918718,74.02362580183514,4.525856480583031,0,92.36544508967536
3.178497443603504,65.10321211182256,81.39941517567027,9.621746938186376,1,70.8256942097573
7.049219926652907,71.35103623194898,48.72328079111905,7.322813444274257,1,87.13928662247729
7.854576537958458,74.5232918559454,88.44789175594107,5.8331458639481415,1,95.97722213315315
3.1387378959315972,85.83668965326405,87.95139402598775,6.381889102445701,1,85.34962505764591
7.553947137506736,82.83113218675648,41.608600566900755,6.683215243029014,0,84.84832174712426
4.3100481944732785,74.24386903591385,85.41992128106195,7.6035660001637035,0,75.38856190537156
6.690752475342215,99.46060995171919,47.087842711039485,7.094076566178987,1,85.1842430413521
6.7017673968480524,84.23099277427548,58.4315369842528,9.516351839286504,0,76.29186062374085
5.821972156672826,69.48907166943978,80.89295409603844,6.981780897434982,1,86.97559580216115
1.8126079304896747,64.07129890481615,48.84179428265695,9.952948088939877,1,65.36450230858424
8.51772246030314,66.11436556737328,84.98818632654843,9.108549746470574,0,100.0
3.8870205847456223,69.83830913538033,85.76737978767581,5.251063086144015,1,80.45913760939145
2.678666593598688,66.42725493038223,67.91072535684599,9.583571287863498,1,70.1430724231159
1.3669762739928752,67.46268096205223,40.35122294442585,4.698198387312857,0,41.33598714250731
6.318036488694176,71.40380674775389,55.787097324620206,8.904698250947149,1,76.56521518768606
7.098079256580542,66.93494381179019,73.93098051066582,6.283739760859481,1,81.8293017188021
1.1492904603507053,95.87061698505701,93.96523979150828,9.267845922670418,0,78.7561729149694
5.608837524693529,63.20934982646569,74.74974398591675,9.208340140644701,1,77.77603057137999
3.0384619767814414,80.98045558281018,54.28919695852879,8.835552400705726,0,68.65017414751055
6.806555113685048,76.41587307958646,74.87031367047862,8.740182617842368,1,79.01255669655603
2.569297861044923,99.29514467634425,69.69919588437205,5.828074834588245,0,84.27992774083464
7.218439642922194,64.4815560867221,82.89149673331289,4.485515698307513,0,72.86455964959981
4.480618116704837,75.91422396182966,45.883935135482716,6.417881072590969,0,72.59797742299007
9.43056989863061,98.77881733101475,81.85653463761153,5.041147089919052,1,100.0
,94.62028503575921,69.76966182718607,8.16970653341477,0,75.44664825557076
4.069597159452327,92.68288283797119,92.9645602122447,6.076598359226713,0,77.49380283253113
2.021261691165302,70.3161130817976,58.802969132127735,9.85366120515949,0,59.861378867779884
9.322242564507064,66.83550349560264,74.79420412236715,7.845832464071992,0,97.52438841025915
8.896054180428829,86.74572879697723,91.26154580305096,8.934883381806166,0,100.0
3.3214746494364005,97.17503956510343,45.63803503948736,4.79514803645109,1,66.06187816922031
6.939856414307611,82.2705157205572,91.54756679800482,9.172086893635736,1,97.87966710686135
8.354999801810942,82.864507578796,77.83371472654474,9.536543143080365,1,92.08685659738673
5.996807304395161,71.19916374641137,43.73103825078446,6.922371512913616,1,75.72600244637098
5.766855205204059,90.77971732767747,56.55299618207489,7.637517626505865,1,100.0
3.1766706181040654,67.48174994230094,78.94946487549049,8.588858805417972,1,68.5070861537677
1.837924910253093,72.94716945616975,43.704283080782446,5.049031763562475,1,60.0653804489091
9.074941821579941,77.01745754465668,72.01937530969502,7.015396458780654,0,96.74124634217584
9.103762514469974,80.3044151473782,59.02356813241262,6.391978166633878,1,98.34134328356569
6.697913115459412,69.69638929660321,74.15035347721124,4.878243952973495,0,78.83371210541733
4.051268119438307,64.59347298956814,42.515811859688206,6.205206533749188,0,65.60969968932336
4.142886171513948,84.4248016976653,87.9345243383807,4.409033856312961,1,78.06662195659369
7.533601109832154,71.54522212961024,93.54189330475683,4.154871441696922,0,84.4372098074183
9.073992339573193,83.24952885690449,93.28828204071303,4.810997734928937,0,94.56157861465091
8.983777818386056,66.17450861096809,81.23085074586086,9.778690669535044,0,90.70582040515785
8.018879912718614,79.2456040741927,47.15474320718476,7.297177215370102,0,83.01211556780514
6.77828481538859,81.30357730206343,81.70447577609625,9.794932966919319,1,90.98641274667784
1.7572596849554394,62.07294147289708,41.35228040523408,6.594987269980792,1,58.54127765567366
2.454658426851524,73.46417112775683,41.21679533409485,5.870896798511557,1,69.0909563446467
9.086987696743714,65.37658707755897,57.79856205322477,7.036851177041465,1,87.27969108707185
6.457861536936309,62.53499881891071,66.87537547225662,6.6370701317974605,1,71.84038648157973
1.0827734645496667,99.5984092955978,82.37240797942863,4.633988105570463,1,82.8949898302751
1.913243885794289,72.89415379898892,77.58124571335779,7.844957888141238,1,70.52410944208182
6.971515921972502,92.3949778341854,64.52464885072116,5.296229095057598,1,86.10449566009326
1.0455542546159682,70.18562619055055,55.04946664549162,7.717527729386978,1,61.7001284504459
2.4472724627574878,87.26010888895718,94.8418475086741,7.901206554388921,1,94.40963896302702
5.938604104299275,90.40911439558747,63.43997162297851,4.912149118771889,0,70.63610630465978
7.227056779234239,83.82554962431377,64.82628633813215,4.368097762664009,1,97.53920713293765
6.867651335523405,78.86304754200634,48.99931016554181,8.684569516410638,0,85.72504517915623
3.018423785145038,76.47363656589074,83.71452518124612,6.758802542615921,0,80.32590443597843
7.409612992127823,73.95473066171981,78.15252241798188,4.348982773032855,0,80.0531083987408
3.135241787471201,97.18116576991304,52.14232870338182,9.969197903018603,0,74.25172237141017
3.9285972834334095,93.22477631150917,44.530957508871346,4.346683365978199,1,72.0971959750634
7.718422646062217,98.60107642666051,77.42746161410922,8.170211373151318,0,100.0
6.846696091424932,64.97188893942179,75.99811678546243,9.902073551580482,1,83.336343868497
8.6430106944476,89.23469900814577,55.029273984901515,5.435080625295553,1,91.31570526431801
6.91851603070309,97.53361827284152,92.29749592377257,4.8534962121231775,0,94.46756977759465
6.114777430019244,67.24932264662641,48.30818404794951,4.728309636534574,1,68.29788267389848
1.8430729104528323,62.6598506946711,63.778414057343106,5.819650885405573,0,60.92856867774819
4.309442227534902,89.64482597160236,91.89887560921794,4.60627486606388,0,88.65112508757274
3.386821309135529,82.97892452719648,63.085002430936726,8.152968050164791,1,81.81895080443451
3.195906790411752,93.67315107033087,75.1189271215247,4.373750788780376,1,62.117281631852286
9.75709499277201,65.59089506505158,61.86769188795368,7.056532768898738,0,92.15079126831097
4.537879522000844,91.81069247439561,55.08183612917685,9.98018112311786,1,78.68484896463752
9.02841899659402,68.06509280190978,94.11877063779056,8.883821617036112,1,97.5384192518772
6.680247633975366,66.54623771462818,62.51337034732737,7.6913166293860655,1,80.43405477385151
8.153301731874835,66.57063191723972,89.1754562023524,5.83752172471967,0,95.69752440737712
5.523733837946729,92.58298880925528,52.64750332400974,7.74337501774983,0,89.07704894609478
6.192134961637232,86.607888827848,51.72075872137958,7.162248783469909,1,81.75732380907917
,80.92261699076477,41.71237455864812,6.556500303342229,1,79.32580665503903
2.7571868901824006,74.3532193649401,75.84167539567368,4.784262260441197,1,65.53183589245494
7.502069037353548,95.08802163252433,60.26894890480686,9.3196252914428,1,85.41297341130948
3.526951261967702,75.69780429690542,87.53970374118003,6.698707892927935,1,80.34623146321347
1.2188436978830846,92.66397757886308,66.02654486803564,5.16773507092459,0,74.40259324812385
6.80925066316451,77.56539634280874,93.25063853530969,6.206556105263738,1,99.52173020525984
2.5939961146634403,75.0777771769963,50.203903363671664,6.484778515173562,0,69.40902266112361
9.464127259176228,78.50719142678426,87.77427423755859,8.965227373401245,1,100.0
9.585357193023286,72.05511496656568,82.71282690354579,8.401686283368413,0,99.15981891871992
9.233779511984036,89.90437520705004,82.40070145542286,8.61582936184804,1,100.0
4.331428302298999,80.10881560369917,86.46307754642882,4.066187586571884,0,76.34527944506199
1.1391095487598069,69.2885078058727,81.85631950186493,6.496923989078569,1,75.68551376164032
9.354867063289529,95.98298293098273,74.44211768972784,6.888064909811941,0,100.0
4.8536573348558285,75.35564885492846,47.21846827253132,4.11515366093834,0,68.35615414661235
9.699893371393026,81.74211444455955,41.78893987201886,5.558879252470206,0,89.10677733312325
9.672579793803276,96.25888443858187,90.64663162986278,8.561738938732809,0,100.0
8.677085099206241,84.96951983655968,73.91576729864059,4.8226582343739945,0,95.37638568345155
3.6500400286262713,64.67592162833456,83.8095510036897,7.2118607887155495,0,76.74772353699463
4.465879557417328,97.59328494453901,66.48372933319025,5.291211232103425,1,80.0919503727
8.660230043651712,85.10832212285672,46.45195039293169,4.072724647863359,0,76.39805293889519
3.852298046406499,73.39622458628344,46.88521857114027,5.447208745597249,1,64.04248438689028
2.5254347201748324,65.57088290653549,77.70609079759342,9.855242529460323,1,65.19342581496616
6.0112113621251515,91.76100757081184,63.66682421947045,8.809222671297938,1,88.40142702392322
9.425392967447028,84.80291023714054,51.02885996851852,9.7574598659262,1,85.4477763364855
7.264268170074757,81.33844367905286,67.03770007077902,6.9271242635581745,1,89.57149774548016
6.1305505308042845,95.7557033220383,43.531491539132375,4.658417192065021,0,67.21071419384731
1.8745884439369167,91.54388844898122,72.00842710529193,7.287756933842157,0,79.86527026072343
6.535065040292528,66.06699518931005,54.794637243930374,6.726264007359765,0,76.87774436028486
9.91048465093837,72.46888271182193,83.86575053504535,9.066142496437696,1,94.34048672356845
2.260756137128716,69.93956559257863,57.06990774079656,4.588495484705468,0,61.69843677023814
5.664966871273631,89.75785170290708,65.03710819949907,6.929446822130669,0,91.77149351418946
8.8963576473516,61.341297389431176,40.63912969494554,4.9002919881639055,0,63.62104973766128
7.66691755978784,82.79558739485266,43.98457882870074,5.94805556134036,0,78.09220585239714
7.273141668957412,90.49834742962761,61.58714560236767,8.424142464326799,0,86.79515661612507
7.322356755883983,95.07062547046998,66.3966359094418,6.856108776212599,1,91.80019981505771
4.2354203609777965,73.6832699486363,73.0011301465617,6.255329710874616,0,81.67807818738368
3.64232659838044,92.85029218688052,56.041441829011674,6.366857671420211,1,79.62638698791379
8.284250399306622,64.42526947820829,78.22400373695984,6.75668061043592,1,89.21496218883615
8.291020552112627,93.85809166938073,87.30673184540626,8.710099263022341,1,94.12466582931107
8.803650867220934,65.09954649327929,82.89180438913424,9.352508133641408,1,94.06361628155335
9.219164973008242,75.89149162241469,42.17903539415964,9.73200811902357,1,76.489649968584
,91.89181463118214,66.4278820991806,8.72142031753177,0,87.29913081072458
5.513646652184796,65.99669709395096,45.77115981299962,5.892441374488076,0,70.47360669336784
8.184656610700976,69.17005580930567,53.31247587243901,8.128808236519253,0,89.6236280984357
6.849675376999887,88.89010273572265,94.26644262969305,6.6256187443323515,1,94.07635543833814
7.31770189531933,88.80146146184298,47.837254859583226,5.528023732276307,0,67.83861554900056
8.16213402492491,85.6459053154119,67.43884843982458,9.045229476555535,0,92.50793232143926
9.010048076358096,87.75793777868401,73.99856538749654,4.23055809377395,1,99.6461944861641
4.041956411663822,81.70897773390385,78.63557337992572,9.41057195281254,1,87.94457892035396
4.380246573759496,70.0719623562781,70.78067759178028,6.768864787748405,1,79.91746631910276
,73.82783974015678,40.537396608055104,7.823208860849682,1,61.66722235829072
6.204521268965566,67.26390867205703,57.95537195341956,7.956123533234696,0,81.73330316736143
1.3234804641706788,96.33802245334513,68.47414038615912,9.370706444239218,1,71.68061889065734
5.190382163192141,83.33567179064482,44.83265745296583,7.8200180930032435,1,81.63458970865577
5.883801712368189,76.0340566705456,59.28448121650494,7.68360150856037,0,83.34401345216178
3.5788712691545594,78.48023214576531,41.82617098352516,4.39991224336414,0,65.36706339947818
6.317499345121097,97.89133358447262,44.32181734352614,7.110448131671225,1,100.0
1.2745022494514449,66.13405612464321,61.83078019108778,4.90101400490225,0,59.033714888717554
1.3361336987429298,83.44919328067189,47.29936647236832,8.424602612328913,1,65.17818023094509
8.403405045936925,80.23554715537864,71.21474665438569,7.073331524876047,1,95.35894044765338
4.241715772701366,84.45816941738592,77.92057330254961,8.08136667525012,0,75.70122034028638
2.143544613866963,60.72440735283362,84.03226845099957,4.250037403614305,0,56.89425478468287
5.700189340493239,94.88495635776606,51.008263433464556,4.5087520962748195,1,76.36305338251971
7.9299419778874976,97.28473129934449,49.211542024248836,8.297940328376093,1,91.21003030335302
2.9423892474715885,82.60532734356836,45.751231218392014,4.43250601599204,1,63.94692306360329
6.606014282371002,87.8660329550757,75.00366372490001,4.427540366591551,0,78.91344728577792
1.768127184943912,96.89997524709183,78.85616495677957,4.072650851409325,1,78.57965229097947
1.4651354905174694,88.28954537253594,41.737237965410316,9.739008389796881,1,64.22027276520004
5.782191684113332,66.10156171657046,91.49167354340294,8.425050156754041,1,87.33248240378532
5.865716094490959,83.05153440667253,42.85842060083098,6.1195084510123845,1,77.13005772700038
6.736869113483859,84.26860185531424,69.77129844155888,5.779213487725931,1,89.66428481351548
7.534822003503954,76.96522685209544,78.9983285698004,6.098219378475097,0,94.25055773474558
9.782668715162812,89.45776942498891,87.9033018060347,8.647921187087091,1,100.0
5.646703134710758,97.37468059076059,79.27478126728353,7.968223666422486,1,93.16260017344716
3.9066082564712135,97.02274051627106,84.09504456883855,5.111173407204808,1,85.53231171224482
8.156675752918332,78.03357485616529,58.669760589854334,5.044656012004506,1,77.52631666142572
3.437490261358668,64.52952183363021,84.81538125605817,4.590373898280384,0,64.00668054392997
,99.39364795849337,44.40631655115713,7.961816318208029,0,80.33720382831017
1.7061074320803935,93.55592345783737,89.21491608332903,8.586235973330416,0,87.4972038181814
1.2281566907391177,64.98650724813068,70.11758068845549,5.590278569950025,1,65.38011788262378
9.663835732101326,96.83367530469489,84.95137734793715,4.125669766185477,1,99.79223555256604
8.523821084609853,94.79585448248514,64.87750564850651,4.493030004858564,0,93.16567800053454
7.263767854843282,80.75352228504289,75.39677323580887,9.807160209070183,0,85.70189727697591
4.680576499728429,83.65101742979718,68.95214635148622,5.772668664864522,0,82.15643108485355
2.559648880637612,75.96010815480521,80.23742369654326,8.615338887028802,1,77.37412741521678
,62.19046555288125,44.489649011682424,7.747981413125583,1,63.71219804251893
3.252186083481358,73.40788966583604,43.31936461948101,6.291637837917375,0,62.74159109981189
5.943039982355084,92.11413794392045,53.59067787055805,5.23412357317333,0,68.42369671276991
7.431363304300561,60.18528092018411,48.774957406225354,4.728318508956439,0,67.64707540411796
6.941776390459581,73.33996686764577,87.94809616257109,7.6900778082332,1,100.0
3.5194050725134858,75.92674774363773,52.05676930469244,8.647802683826729,1,76.8595711166114
9.593787525968747,81.49582411751692,93.67258907005223,7.863425521246784,1,100.0
7.641072250261916,96.79422465651042,58.52926854741088,7.18181279949495,0,100.0
5.989186472602606,73.85383977463844,50.01648536287846,4.251707340589817,0,67.40592369015586
6.5054867161091705,73.8781280758491,83.43341789283636,9.810932665566302,1,86.74390549876468
4.776400561850109,89.50004992438994,76.22892765254818,8.792285149927448,0,83.239639565176
3.229578905510417,78.08871763559229,67.40076440492264,5.756932220205789,1,73.525803527153
,68.98419291759927,70.54499530156971,9.879821976153103,0,73.78374119176912
7.820614994179322,78.09758064530774,79.55609780497451,7.611289537817933,0,99.57474340676977
1.1295413976678028,65.634280815192,52.56501077322143,7.494535949243479,0,59.71457851679097
2.0446537645622462,67.05547946024893,94.7983653831208,8.488439076577192,0,73.16770456036072
1.4140237781957747,79.9347109095792,93.61362391807307,8.870618728540826,1,79.42408696909703
1.3665592208707311,76.75701798018191,75.76791274908153,7.938871643989016,0,75.34628410415739
8.699145256099065,96.593836042724,50.974834801102986,4.7685744781972,1,82.34746116389428
7.332920734420213,74.49575596466532,77.41255333372102,6.02960503596699,1,78.37786447330325
5.267564461785927,83.22353401112174,43.97091249385467,9.568501841956298,1,72.25199662032837
1.8805074458590134,85.29057151678121,41.68588762131933,5.347693671063111,0,56.527532567532745
5.4245428760514915,60.523778263533345,54.17255886811675,6.23300214302508,1,69.58892303618724
5.261245937025091,86.54149488066842,65.4442626206624,6.592461297665176,1,85.47108645921843
2.5588168291901368,67.12143867479006,87.75498779746093,6.636429938166713,1,74.8395269999149
4.904664843141758,98.4428126987782,79.99429883714694,7.677637494967153,0,100.0
4.586542609576361,65.94650911012452,80.84885866599896,9.658455026468246,0,76.36768479430415
6.542650882469948,76.58496494908096,63.402133394644146,5.4441562709950295,1,83.55845700540056
6.715842857808794,63.413986723145754,59.02642459008296,4.729008257805509,0,73.65369112461651
1.4077360879484007,99.87497007383789,60.40713196415315,5.1848229391596234,1,68.24112547068097
4.371513531638241,80.08780041324971,94.32072600548318,9.321549401255616,1,92.3233952777462
6.632739241428127,83.81540069280175,42.206005527686536,7.874864875931236,0,80.56683455182682
5.528226327220789,62.6830590955371,87.68673228673467,5.715440735434961,1,85.13167362335875
8.7084085706949,89.99841881596711,71.82714747148164,8.895681633811703,0,91.36552409175596
6.928242684570505,68.39622372382343,64.12384805542747,9.168219978180616,0,71.82862023418787
2.466409843732867,95.92217157762855,79.88917132283251,9.079086032141667,1,88.33078515232
1.6351187266038685,68.20558561928028,66.76679177835865,9.513559201837326,0,65.04525493221512
6.78177350385684,67.62750882654666,88.03827809449133,5.51344612104017,0,80.3511533847387
1.2386017948745964,61.46198671392379,89.53860252061922,8.53025157247767,1,66.7524471174129
6.2719802314611695,78.88267780439998,63.194650978040045,6.76323698364484,1,91.41176128936061
9.462072172824618,82.59364533050466,55.22552884792783,9.05199131734037,0,84.63559679161753
6.179267600882911,62.6283455771341,72.57926807263493,8.370944062969679,0,87.81774266075053
4.493529335858697,91.02110466780042,90.17998400891801,8.658684678998348,1,88.09737121878682
6.789593965981179,78.13155338992111,51.58642039531166,7.936971026086429,0,85.09834532290836
5.12427601442365,80.9756107731032,74.26316209599156,5.064572616818241,0,77.46762206381322
5.910551103843415,77.63050987752912,74.73581210508863,7.27016151338163,0,89.16771231954918
9.473183278988726,76.03052243501304,80.32121623284046,9.90801843714705,0,89.40900087661245
4.474923740206968,82.38561325232871,47.23622268199929,9.624328398982714,0,70.22314764906623
9.650715074415228,66.2096098372285,79.37037305751487,4.25904241478207,0,83.9478908831885
9.148155777604574,67.27712521981084,89.99678863661026,4.988888894376623,0,85.03773774802872
2.762120213103668,94.47142484054069,49.88257098786331,4.790372640727371,1,74.40174317286815
1.624251707876489,97.84461848534531,53.06488287081327,8.355879459911772,1,73.63146989675478
1.9070020123968399,74.93237265119012,93.42673017229018,8.90671197914167,1,77.60013598039286
,70.82978692574216,49.95373239902194,5.281068197864031,1,53.91461856702234
1.8499866468033557,85.75998172956062,86.99118013532686,7.0351161577109735,1,69.92352139203442
7.147060960747211,76.34936684392386,67.07528210464191,9.0442181680672,0,83.76376568761408
1.6406978361420608,61.015454226413794,53.59770909217474,8.396809268597504,0,71.66639817046631
3.8707806726438516,66.24610389464762,87.89124456998812,7.253423232951089,0,83.34037828422886
8.60387779872509,88.6388891538959,64.4917890251466,7.542086142752638,0,95.51665262319385
1.209447421622433,86.35695767640605,68.31495446613296,7.05016328149768,1,74.14880445591534
8.330216343300421,61.083839700139336,59.75783531698711,5.785290707912924,0,79.5236370127436
3.5366929729605996,68.87888647731798,72.61229682892102,7.390131957154097,0,77.66884714752256
2.0634834485949063,69.24299186352286,48.99381299217625,8.133311812300544,1,59.280643060703106
7.270634488277356,86.87570974394913,61.509484515846836,9.239937495164845,0,92.5592587034296
6.660485621018956,60.788421510174565,93.31767772844081,7.8177481238754885,0,90.76807149263877
8.897248121743477,64.16434327938295,54.197338798562015,8.566729222258948,1,88.0697007114707
7.615639394234972,91.99664341492758,76.12051654977107,4.960429809727438,0,93.22469245633489
8.231328373463636,67.14178648217334,57.88545353235822,6.76934484651874,0,83.48056210812894
,86.10984431407499,82.54102191276303,4.05598971896256,0,76.32427712282669
2.5969558940175053,69.52731124186906,47.19805133950924,5.480073187129738,0,63.64017392000759
7.755532764767725,63.97765571037381,93.34015747931997,8.358770290678029,0,89.35201785539235
8.261512653405376,69.72688763997816,64.95842477610016,9.95085970809618,1,80.28809827578364
9.91454627800606,88.89067727422636,52.982775484055516,4.595068597523295,1,90.26539741214005
4.713559092202838,94.22785872425143,44.0423211031507,6.4089658951677295,1,88.59926243682308
4.348162772135049,93.20879458267967,49.33668477981474,8.800425812194957,1,74.24236891212902
7.987716646677971,75.88734118473819,68.58756717058097,5.224213807773393,1,79.377527443612
4.06723186227716,86.72340546282584,58.53517470372074,7.330509695813717,1,82.24668742604746
9.376815930432082,68.19937181663283,85.58858512354352,8.39842777617805,0,95.5340380952843
8.725714766587107,71.72590921044053,63.698813801399325,7.695912701561074,1,91.80547865957642
4.860946246375165,95.8534327408448,53.679284992319644,5.128148407692497,1,81.62208334677017
7.757839610123476,60.52007694042944,73.94297426322166,6.132307412114437,0,81.67784759737756
7.7908858667621415,63.42034123417872,78.87274692869951,8.702750706912383,0,93.40532610259994
1.9281148195233935,68.31545020584109,49.187304934552245,7.325359084792099,1,56.831696679625054
9.1229761601161,61.06128815495279,49.21905689585747,4.031377681257476,0,65.38533489710667
5.547271352030714,67.25741740359189,42.01692848134486,8.565944560168564,1,71.49734795583417
8.438117194969674,83.32166243878768,80.50211082861023,4.211868129641434,0,78.7658945563686
3.880446409275506,76.85698202369991,76.50924901919927,8.474402696387394,1,80.50817410617888
9.059709056465804,95.706868443079,66.10469816623976,5.214883360991425,0,100.0
4.502815108607468,92.69774246953764,86.42937469330585,9.74844088071628,0,86.56530076903283
1.0975388633226852,73.67269406791505,84.31185841225292,6.207644507812507,1,74.53857355121619
,70.3769373372517,72.19449004182137,5.961589698028474,1,85.58690522769218
1.821580091075202,75.18769632669068,87.75492042822923,4.893328301994668,1,68.98975055099126
3.873822738313734,83.6117977005923,51.32126655202225,5.8336252929412895,1,72.80978069484011
9.550557703457244,70.72254563291506,46.155579066875035,9.259904570969203,1,83.1015255009008
,84.96595631396536,54.83622863343443,9.978006025763484,0,94.37134919422918
6.160940993109575,76.37646608764962,43.13977708491232,6.20985718304109,1,80.09932935533722
6.686534909528193,82.0818872340792,69.21432404005677,6.691663785727256,1,84.44595961424335
5.036009697804878,77.44506116541267,91.51331307622289,8.332425629216422,0,89.07963894643022
3.638896945282581,71.7786303816767,42.16389473676803,9.317174682790448,0,66.4662963242582
3.957980908329244,97.93813227848626,46.716045270551476,7.558266005120705,1,87.76135948280128
7.052666104693346,90.54423176639042,64.87094655558894,6.349154189066976,0,98.41523233961266
7.77137076493912,65.6045270306581,91.36312596403477,6.4757310450917425,0,85.84026304516284
8.124211393532637,94.73871903591652,57.388585773721275,8.173708878980841,1,91.97652631741158
8.106563285150985,79.49724792998055,67.89791447786158,4.019309581625672,0,73.08486828766772
1.8208549274382133,95.78208907576365,42.28650724777157,7.717536024759044,0,70.2439313693487
5.449782742323233,91.99421023789262,48.15887605291489,6.132958062648145,1,85.05768335175418
1.5180288401497986,77.00854017876934,94.26465676273658,8.765183987662505,1,83.97288168108602
5.94575994091362,60.8987723328047,93.08152830398251,4.557943838938793,0,76.08579767400667
4.973774512360393,70.74709437539784,40.27169895139253,7.529213601690343,0,68.70157992186013
8.989337644824698,81.66536858643468,92.34964819827815,6.885837339316742,1,100.0
4.158235112968708,85.33912879304589,75.15159657985252,7.853953155431364,0,79.8548384856903
2.053603147848453,70.31550741732809,87.73550619860121,4.38912156689781,0,76.37779325299049
,65.57424296291296,65.01069205986225,7.479902724568788,0,59.55497118248039
7.85359568545725,93.39720947197196,68.35778157185877,7.368907527757142,1,99.33352297491804
6.56396256984635,99.37608722814208,66.88656191413061,7.363960566497026,0,100.0
1.9101040851051123,81.02760729210743,76.67753416503574,7.620925999578729,0,76.16399154709491
1.756961255034977,66.86717143393214,47.68081901159721,8.058807623358174,1,62.05953690722627
7.30872218313208,70.89229306077476,41.648547442997284,8.829933998084618,0,74.22169645329187
1.6548670572777417,60.73562706189867,56.9361467875155,5.6189243207692865,0,56.89929191304201
8.396740533613206,96.57195226241996,78.75744195051557,8.950296461080372,1,100.0
7.3561800444084655,64.71004331560565,51.10193986676216,6.989534093580722,1,68.96325442123232
1.7321390257770979,83.06065902057014,77.03878383287045,4.462349674805987,1,76.97216484375082
1.7635394267667273,70.96220882748824,93.34516253589987,4.351305575463876,1,61.64498823070983
9.87975620651058,82.16712010063173,45.16453936841801,6.005429912176365,0,87.48847707672061
4.368437161805083,86.05681553407457,76.99311650238195,8.709381862668806,0,82.01714605851409
4.335779323602019,93.18967214828807,64.40626206175142,8.246085608445494,1,88.99120806237083
8.315196105317522,68.25685087042413,87.7478239907628,8.731689788034439,1,86.064994367984
9.525237196454729,60.43983314633922,49.74323841960623,7.103614338649656,0,84.82835811166731
9.874009574405838,65.47542520275229,78.09442737243904,6.641193987732944,1,100.0
7.780403667330475,96.0007456739242,86.09634093064606,4.884715160237704,0,88.91482673470038
4.386336269778242,94.95560310250062,91.95378207107129,5.9691565216558695,1,94.33243375451957
1.7515064502880189,83.89652408681233,77.57864155593052,6.604116197043251,0,72.97420277498486
7.994322243346931,84.02067441734613,67.3446120204635,4.531602578077703,1,88.11267287960854
6.025638247622245,86.60146698185022,73.98159821106677,5.323671716267268,1,87.27131508743055
4.817998083222786,67.01485114493798,87.7897741463295,7.589351764382433,0,79.38144866852261
9.157189465852625,96.5764778369984,71.38353606513563,8.41397868543514,1,100.0
2.000777340755362,76.75082099568293,41.67128828332603,9.990085068357697,0,67.02526380681283
5.433625938617732,75.3255411299799,91.20217825288378,9.598679988061345,0,83.43277109278462
1.1021828029067717,80.75670821131351,77.92397130673587,7.85539119721115,0,77.45890989295222
5.217945777947136,61.8786386710022,77.20823621774855,6.527488319764432,0,71.15561991001643
1.5067294811365362,66.65133475024318,51.86213338187444,7.817064188249397,0,56.85665077450892
2.0693612464126474,89.52134465705481,76.23870086279615,8.713909708481392,1,82.77668646995522
2.057736220993944,63.31194671700506,61.662542310978715,4.7100171455403235,1,66.63332585757833
6.842892719044572,84.12608437865552,75.81781373728207,6.4594293381777295,0,92.61973547146361
7.71440391338881,69.81396438725284,45.86261666693949,9.038813713813703,1,77.89434469671252
6.250318885874437,75.57182456167907,76.18149175316698,6.302997711598264,0,85.39777655692282
,71.547749470828,94.96775491738666,7.431233627363119,1,96.83131758850561
4.373835215713337,74.22690865859796,42.65166213733058,7.5266161651731895,1,75.62963596330667
3.571408776536747,88.76183620736981,93.74458013217244,5.106857518801836,1,90.02686922851164
8.817392153705143,71.88486862492701,62.379937839757886,6.173412649913731,1,86.89981960143929
3.0123625466750736,82.65618561187588,87.89143976854925,6.007067732451593,0,78.8879363210556
9.669002854965502,79.04201608796399,83.03120162320505,4.157180251192389,0,90.68812276228569
1.109390272208347,86.54684661450592,71.18589435426674,4.145150583348132,1,62.86406448009508
9.728909440368751,97.47318957299032,80.61470650882296,8.990182262054642,1,100.0
1.388439207555185,89.30288388841001,88.31835587157414,5.638424859836874,0,88.41512488286102
9.02028802328264,68.59761514363026,62.22771769080681,7.108472597432892,1,88.77980322385113
5.749309981776698,61.24732540245139,57.986823885978126,5.792353441532638,0,69.43514974335255
9.936683165073703,70.490561771993,76.71763620599717,9.644075470692043,0,88.18679641361835
1.6641690826185898,83.8031172280102,84.43152680676923,5.5557805531946425,0,78.78418278125417
5.984688559611887,62.05703253937001,81.92568241271387,6.57794087643361,1,82.5982695249553
9.72372282057189,79.85464988804945,83.8797506872249,9.236381502907612,0,95.01506770785609
5.707880597531339,83.87371395667557,63.957082314711315,9.051601400750851,1,91.05930532423069
6.664587743217362,73.36975563267843,84.98088188962619,5.116608507077664,0,91.25339006364494
7.261738200861554,90.83648814983287,46.61149804538346,8.815859858774262,1,84.3696542795059
5.090869582909959,64.26393012535087,69.94690038784672,6.749121320427356,1,69.0657323669844
6.648022720756571,63.00551126943235,40.31672632739669,6.8978132325121315,1,78.91623011450878
6.258828807307902,89.12755024814413,57.852220644514865,4.800879834495663,0,76.07477391790364
9.110422094418901,79.81965264824794,60.15538441792688,4.483609082542748,0,87.16025649682919
1.409017423073121,87.53609585710944,61.789498038509045,8.367635841842592,1,64.17502898100678
3.528668706330073,77.39309354414985,78.25069636794242,6.978766914131798,1,86.20975520872574
9.553703356689029,69.85608132956428,61.370695569869014,6.621104215691077,1,85.18643382677361
9.012374055018247,92.76409270696799,64.6781492442392,8.377049371914381,0,100.0
5.100910775071417,91.97663515875917,53.064927198088014,8.593077393946658,0,81.88941169816927
6.581193380213831,87.78785883417707,60.528848539613705,4.953449006016122,0,76.76275917425293
3.496430646830194,70.8858054891985,52.49982949947333,7.661350896865848,0,67.53234730945866
2.6930904375138516,83.60922667476348,44.0257758072644,4.812124493666113,1,67.93761227186012
5.173285644459839,74.43895587760107,73.18967263597578,8.508250516174275,1,83.76524423742316
4.180170052234475,63.66328293306537,76.7517039205259,7.941730937602837,0,78.75827318721429
6.252905006657849,96.69254301848972,74.0719690305288,9.739687726500748,0,99.52332474686742
1.6996117326848634,65.47274523675846,65.49217240903148,4.413748098138527,1,50.589426155168596
9.769553268995498,98.0094941528321,60.888217909857644,4.342328326907526,0,99.89409532086916
9.875896700316426,77.84023091831823,87.4833507264504,5.693122448159201,0,99.26576088648156
